<?xml version="1.0" encoding="utf-8"?>
<odoo>
    <data>
        <record model="base.automation" id="res_partner_updated">
            <field name="name">Partner Updated Server Action</field>
            <field name="model_id" ref="base.model_res_partner"/>
            <field name="state">code</field>
            <field name="trigger">on_create_or_write</field>
            <field name="code">
                record.on_partner_updated(record)
            </field>
        </record>
    </data>
</odoo>