<?xml version="1.0" encoding="utf-8"?>
<odoo>
    <data>
        <record model="base.automation" id="product_pricelist_item_updated">
            <field name="name">Pricelist Item Updated Server Action</field>
            <field name="model_id" ref="model_product_pricelist_item"/>
            <field name="state">code</field>
            <field name="trigger">on_create_or_write</field>
            <field name="code">
                record.on_price_updated(record)
            </field>
        </record>
    </data>
</odoo>