<?xml version="1.0" encoding="utf-8"?>
<odoo>
    <data>
        <record model="base.automation" id="template_updated">
            <field name="name">Product Template Updated Server Action</field>
            <field name="model_id" ref="model_product_template"/>
            <field name="state">code</field>
            <field name="trigger">on_create_or_write</field>
            <field name="code">
                record.on_product_template_updated(record)
            </field>
        </record>
    </data>
</odoo>