<?xml version="1.0" encoding="utf-8"?>
<odoo>
    <data>
        <record model="base.automation" id="supplierinfo_updated">
            <field name="name">Supplier Info Updated Server Action</field>
            <field name="model_id" ref="model_product_supplierinfo"/>
            <field name="state">code</field>
            <field name="trigger">on_create_or_write</field>
            <field name="code">
                record.on_item_updated(record)
            </field>
        </record>
    </data>
</odoo>